k,ood_auc_llm,val_auc_llm,ood_auc_human,val_auc_human
1,0.6402222222222221,0.9983974358974358,0.6402222222222221,0.9983974358974358
2,0.6177111111111111,0.999198717948718,0.5903555555555556,0.999198717948718
3,0.6382000000000001,0.999198717948718,0.5727111111111112,0.9995993589743589
4,0.5931333333333334,1.0,0.5931333333333334,1.0
5,0.6429777777777778,1.0,0.6429777777777778,1.0
6,0.6154888888888889,1.0,0.6154888888888889,1.0
7,0.6322444444444445,0.999198717948718,0.6322444444444445,0.999198717948718
8,0.6166666666666666,0.999198717948718,0.6166666666666666,0.999198717948718
