k,ood_auc,val_auc
1,0.6402222222222221,0.997979797979798
2,0.6177111111111111,1.0
3,0.6382000000000001,1.0
4,0.5931333333333334,1.0
5,0.6429777777777778,1.0
6,0.611311111111111,0.9991919191919192
7,0.6322444444444445,0.9995959595959596
8,0.6166666666666666,0.9991919191919192
