k,ood_auc,val_auc
1,0.5596064814814815,0.7012987012987013
2,0.5486556267806268,0.7221996753246753
3,0.5588942307692307,0.724025974025974
4,0.5851139601139601,0.7601461038961039
5,0.6102207977207976,0.7909902597402597
6,0.619613603988604,0.7820616883116883
7,0.6253116096866097,0.7950487012987013
8,0.6364405270655271,0.7978896103896104
