k,ood_auc_llm,val_auc_llm,ood_auc_human,val_auc_human
1,0.5596064814814815,0.6260709914320687,0.49488069800569806,0.5405956752345981
2,0.5486556267806268,0.6160750713994287,0.5483885327635328,0.6223990208078335
3,0.5564458689458689,0.6134230926152591,0.5665731837606838,0.616483068135455
4,0.5760327635327636,0.61750305997552,0.5665286680911681,0.616483068135455
5,0.5776353276353277,0.61750305997552,0.5776353276353277,0.61750305997552
6,0.5860933048433048,0.6270909832721338,0.6121572293447293,0.6454508363933089
7,0.6234419515669516,0.6466748266013872,0.624599358974359,0.6503467972256222
8,0.6375979344729344,0.6544267645858832,0.6375979344729344,0.6544267645858832
