run_num,run_type,test_auc,test_acc
0,baseline,0.8745952263730281,0.815
0,sae_128,0.8331832318647407,0.769
0,sae_1,0.7589690630866466,0.723
1,baseline,0.8694581973104614,0.797
1,sae_128,0.8677757299057578,0.797
1,sae_1,0.8270511847541951,0.781
2,baseline,0.4880337465564738,0.4590909090909091
2,sae_128,0.6017561983471075,0.5636363636363636
2,sae_1,0.6555612947658402,0.6318181818181818
