k,ood_auc,val_auc
1,0.5,0.6808080808080809
2,0.5266666666666666,0.8092929292929293
3,0.49440000000000006,0.8351515151515152
4,0.49426666666666674,0.8650505050505051
5,0.4574666666666667,0.8662626262626263
6,0.4904444444444445,0.8977777777777778
7,0.44853333333333334,0.8921212121212121
8,0.44777777777777783,0.8921212121212121
