k,ood_auc_llm,val_auc_llm,ood_auc_human,val_auc_human
1,0.5,0.6710950080515299,0.5,0.6698872785829307
2,0.5266666666666666,0.7383252818035426,0.5,0.7898550724637682
3,0.49440000000000006,0.7572463768115941,0.5261777777777779,0.7721417069243156
4,0.49440000000000006,0.7878421900161031,0.5073777777777778,0.7463768115942029
5,0.4574666666666667,0.7902576489533011,0.4574666666666667,0.7902576489533011
6,0.4530222222222222,0.8413848631239935,0.4530222222222222,0.8413848631239935
7,0.44751111111111114,0.8502415458937198,0.44751111111111114,0.8502415458937198
8,0.44777777777777783,0.8534621578099839,0.44777777777777783,0.8534621578099839
