dataset,test_auc_baseline,test_auc_sae
66_living-room,0.8892,0.7268888888888889
87_glue_cola,0.7907555555555555,0.6941333333333333
73_control-group,0.8709333333333334,0.6371111111111111
7_hist_fig_ispolitician,0.6349269943019943,0.588897792022792
90_glue_qnli,0.6462666666666667,0.47742222222222214
6_hist_fig_isamerican,0.9193333333333333,0.9201333333333332
67_social-security,0.9354222222222222,0.7611555555555555
5_hist_fig_ismale,0.9250044826967903,0.9786623632777479
