dataset,test_auc_baseline
73_control-group,0.8709333333333334
5_hist_fig_ismale,0.9250044826967903
67_social-security,0.935422222222222
66_living-room,0.8892
87_glue_cola,0.7907555555555553
90_glue_qnli,0.6442222222222223
7_hist_fig_ispolitician,0.6349715099715099
6_hist_fig_isamerican,0.9193333333333333
